Price,Close,High,Low,Open,Volume
Ticker,AUBANK.NS,AUBANK.NS,AUBANK.NS,AUBANK.NS,AUBANK.NS
Date,,,,,
2020-01-01,396.87,402.91,394.03,400.00,179442
2020-01-02,395.97,398.53,394.55,394.78,127214
2020-01-03,396.99,399.25,394.03,396.42,181796
2020-01-06,393.78,398.08,391.17,394.53,226956
2020-01-07,398.36,402.01,392.04,394.03,5693404
2020-01-08,415.87,420.87,393.28,395.02,4936804
2020-01-09,416.09,423.38,411.12,419.78,2030328
2020-01-10,410.27,418.66,408.46,414.88,605170
2020-01-13,417.16,419.40,410.55,412.93,465756
2020-01-14,421.69,422.89,416.42,418.41,661510
2020-01-15,426.59,430.32,419.92,422.91,1044188
2020-01-16,436.54,440.15,427.56,427.56,1185078
2020-01-17,436.69,442.04,430.62,439.30,707678
2020-01-20,440.75,443.78,435.32,439.80,896644
2020-01-21,441.96,443.78,435.57,439.80,511040
2020-01-22,441.32,447.46,438.93,443.86,511670
2020-01-23,484.85,501.49,453.23,453.23,9957038
2020-01-24,532.69,546.22,483.58,487.56,8376792
2020-01-27,508.48,549.75,497.01,537.31,5438232
2020-01-28,519.30,522.39,500.00,502.39,1658978
2020-01-29,520.72,531.84,513.93,527.36,568136
2020-01-30,521.22,535.75,509.45,521.37,1204270
2020-01-31,529.53,534.28,517.41,524.88,843678
2020-02-03,519.38,527.36,493.03,516.42,821850
2020-02-04,523.28,528.06,519.40,523.28,521236
2020-02-05,545.10,568.53,522.81,527.36,2543364
2020-02-06,544.05,554.38,537.31,549.75,979448
2020-02-07,561.24,570.94,537.59,540.75,1316716
2020-02-10,560.07,566.17,547.76,562.19,853378
2020-02-11,578.56,586.07,555.72,563.68,1712572
2020-02-12,572.91,584.58,563.18,577.11,854024
2020-02-13,571.27,576.12,547.76,564.70,1096040
2020-02-14,570.17,579.68,563.86,577.11,511546
2020-02-17,567.29,585.27,561.69,576.96,960400
2020-02-18,571.72,576.62,562.19,567.11,1025902
2020-02-19,579.95,599.00,572.93,575.67,2536736
2020-02-20,584.38,594.13,577.11,579.85,1194856
2020-02-24,576.72,592.04,570.30,582.56,1235304
2020-02-25,576.17,583.08,573.63,579.58,1687906
2020-02-26,586.54,597.51,507.01,574.63,1917984
2020-02-27,586.89,594.08,581.57,587.06,1069068
2020-02-28,578.56,587.06,567.16,579.58,2358344
2020-03-02,575.00,605.97,567.19,579.38,2066294
2020-03-03,584.18,592.04,572.14,578.08,1010672
2020-03-04,573.63,591.04,562.19,588.06,2841584
2020-03-05,584.43,589.45,568.78,575.62,2214102
2020-03-06,564.05,568.86,499.00,565.17,3589402
2020-03-09,528.88,553.73,518.98,549.25,2148236
2020-03-11,512.16,535.87,509.95,528.86,1428214
2020-03-12,469.33,485.07,457.71,475.40,2033132
2020-03-13,479.18,506.87,418.41,450.25,3167446
2020-03-16,457.74,491.54,438.36,467.16,3099600
2020-03-17,419.43,456.59,398.91,450.75,2731028
2020-03-18,340.27,425.37,335.55,425.37,6204416
2020-03-19,309.38,330.57,275.95,306.47,5093240
2020-03-20,322.49,340.30,297.29,322.89,2121296
2020-03-23,290.25,290.25,290.25,290.25,201476
2020-03-24,261.24,270.65,261.24,261.24,1269854
2020-03-25,235.37,260.20,235.12,235.12,3774296
2020-03-26,247.14,247.14,236.82,236.82,608022
2020-03-27,259.48,259.48,259.48,259.48,1203948
2020-03-30,246.62,272.44,246.52,256.22,2390422
2020-03-31,251.42,258.93,234.30,256.22,1492644
2020-04-01,239.48,263.68,238.86,263.68,1823590
2020-04-03,231.57,240.25,227.86,239.80,1444800
2020-04-07,238.01,243.13,220.70,243.13,2402578
2020-04-08,238.95,243.78,227.36,229.45,3582114
2020-04-09,246.96,250.45,236.34,239.80,1480800
2020-04-13,248.63,254.70,236.82,248.26,3104506
2020-04-15,249.88,253.23,244.28,247.76,1296320
2020-04-16,255.77,260.70,246.32,248.76,953020
2020-04-17,268.56,268.56,261.17,261.19,1461748
2020-04-20,281.49,281.96,273.13,278.11,1358246
2020-04-21,278.58,281.59,267.44,276.12,1253050
2020-04-22,264.68,281.09,264.68,276.47,665492
2020-04-23,251.87,265.17,251.44,254.23,875264
2020-04-24,257.74,262.04,241.79,247.16,1010536
2020-04-27,256.82,263.13,247.26,260.50,860904
2020-04-28,255.05,261.19,251.09,258.86,1019082
2020-04-29,267.76,267.79,254.28,257.46,1018506
2020-04-30,270.77,281.14,262.81,275.57,3807484
2020-05-04,257.24,257.24,257.24,257.24,218142
2020-05-05,244.38,252.59,244.38,244.38,2073832
2020-05-06,232.16,239.13,232.16,234.65,2187060
2020-05-07,220.57,223.73,220.57,220.57,667800
2020-05-08,209.55,215.77,209.55,209.55,3648038
2020-05-11,199.08,208.46,199.08,204.28,2826698
2020-05-12,189.13,195.52,189.13,194.03,2238796
2020-05-13,198.58,198.58,198.58,198.58,976588
2020-05-14,208.51,208.51,202.51,208.51,1726814
2020-05-15,207.71,218.93,206.84,212.94,2933266
2020-05-18,197.49,212.69,197.34,211.69,2250860
2020-05-19,191.96,205.97,190.60,205.47,1168016
2020-05-20,199.85,201.54,189.58,191.54,845150
2020-05-21,209.40,209.83,200.82,204.48,1450542
2020-05-22,198.96,208.96,198.96,206.47,1601984
2020-05-26,190.55,196.42,189.05,189.05,801504
2020-05-27,195.87,198.51,182.09,190.55,1380488
2020-05-28,198.06,201.04,192.14,195.47,720474
2020-05-29,194.83,198.51,192.09,193.53,1252630
2020-06-01,204.00,204.55,199.00,199.00,4072522
2020-06-02,214.13,214.20,201.49,203.68,1311592
2020-06-03,224.83,224.83,217.49,217.91,682866
2020-06-04,235.67,236.04,221.39,236.04,5321142
2020-06-05,239.63,242.04,224.88,235.22,2698564
2020-06-08,250.30,251.59,243.78,243.78,3479568
2020-06-09,241.39,261.54,238.81,256.72,1763228
2020-06-10,242.16,248.76,239.83,241.29,2058120
2020-06-11,230.57,247.59,230.07,242.16,991442
2020-06-12,235.97,241.14,219.05,219.05,1493674
2020-06-15,226.92,240.80,224.18,240.30,962740
2020-06-16,238.11,238.26,228.36,235.32,1892330
2020-06-17,233.08,240.75,229.80,237.31,854930
2020-06-18,235.75,239.80,231.37,233.78,1381688
2020-06-19,241.87,247.01,235.12,235.75,2513366
2020-06-22,253.95,253.95,243.81,245.97,2214052
2020-06-23,266.64,266.64,258.71,260.70,1214928
2020-06-24,279.95,279.95,268.81,279.95,3039624
2020-06-25,293.93,293.93,266.49,276.39,3027384
2020-06-26,284.70,307.69,281.39,299.05,1430206
2020-06-29,270.47,282.54,270.47,281.09,278938
2020-06-30,270.40,276.12,261.19,261.19,1231150
2020-07-01,277.86,282.59,269.65,274.13,731888
2020-07-02,286.29,290.55,280.00,285.47,567316
2020-07-03,282.06,292.54,275.30,292.54,506478
2020-07-06,296.14,296.14,282.44,285.07,1421568
2020-07-07,310.94,310.94,293.53,300.47,1157290
2020-07-08,321.54,326.49,303.51,319.70,2778488
2020-07-09,310.02,325.87,305.97,315.87,1713778
2020-07-10,309.60,317.41,303.48,310.90,841822
2020-07-13,310.72,321.39,306.96,315.92,1392312
2020-07-14,316.34,319.40,306.96,310.72,920320
2020-07-15,313.43,320.80,309.45,318.41,1237194
2020-07-16,317.96,320.90,307.64,313.43,876086
2020-07-17,325.35,329.35,319.15,320.85,904520
2020-07-20,341.59,341.59,327.36,327.36,733084
2020-07-21,358.66,358.66,347.26,358.66,3177460
2020-07-22,359.40,365.10,343.28,359.20,2303698
2020-07-23,375.17,377.36,360.90,363.08,1484126
2020-07-24,393.68,393.93,376.62,380.10,5864034
2020-07-27,385.07,406.42,379.20,384.08,2293504
2020-07-28,390.87,400.47,381.42,393.03,2926052
2020-07-29,371.34,395.52,371.34,395.52,1113566
2020-07-30,352.79,372.34,352.79,369.15,2113056
2020-07-31,368.38,370.42,338.61,345.75,1535146
2020-08-03,354.95,373.13,351.74,373.13,755680
2020-08-04,346.64,363.18,344.80,359.70,549382
2020-08-05,361.14,363.95,349.28,350.65,973484
2020-08-06,366.49,375.62,358.23,364.55,1081506
2020-08-07,352.98,363.03,351.74,362.24,964834
2020-08-10,349.25,358.11,348.76,355.97,535850
2020-08-11,346.74,355.27,344.95,351.94,426508
2020-08-12,360.25,363.58,345.52,349.08,895802
2020-08-13,356.54,364.63,353.73,363.13,450518
2020-08-14,352.19,360.70,345.47,360.70,383570
2020-08-17,351.84,355.77,349.50,354.88,277408
2020-08-18,358.21,361.09,351.74,355.22,620562
2020-08-19,363.95,370.65,358.88,363.18,1954798
2020-08-20,361.14,367.14,356.22,363.18,462276
2020-08-21,359.90,366.17,358.21,363.68,355678
2020-08-24,364.70,370.15,360.20,361.19,884976
2020-08-25,367.29,371.64,361.19,367.66,1626992
2020-08-26,364.68,368.66,361.74,368.16,1163882
2020-08-27,363.41,369.95,362.24,366.22,589058
2020-08-28,366.52,379.10,364.18,365.67,2933854
2020-08-31,332.34,373.93,323.95,370.65,4176302
2020-09-01,348.76,353.16,334.33,334.33,1425614
2020-09-02,350.02,354.18,344.43,353.23,677098
2020-09-03,342.64,351.92,341.49,351.92,528330
2020-09-04,328.01,340.30,325.40,340.30,1765918
2020-09-07,323.68,330.30,314.43,330.30,1019238
2020-09-08,320.40,343.28,316.44,323.38,1917682
2020-09-09,319.13,322.39,313.98,318.36,720132
2020-09-10,327.29,331.22,319.65,323.36,469356
2020-09-11,334.90,339.03,323.88,328.36,515118
2020-09-14,348.71,357.56,343.98,345.77,1833212
2020-09-15,348.31,352.51,337.06,348.76,1000598
2020-09-16,354.88,355.72,346.27,348.26,939578
2020-09-17,350.70,352.93,345.77,350.75,309104
2020-09-18,361.47,366.62,351.82,355.62,1478142
2020-09-21,346.14,365.17,343.83,358.21,654362
2020-09-22,332.24,346.14,330.85,346.14,1175870
2020-09-23,325.55,336.82,322.09,332.34,1112154
2020-09-24,315.62,322.39,306.82,322.39,644782
2020-09-25,326.49,332.19,307.29,307.29,1166266
2020-09-28,332.04,336.82,327.81,330.85,699268
2020-09-29,326.54,337.81,323.38,337.81,732324
2020-09-30,325.55,332.16,322.19,328.36,581680
2020-10-01,331.34,334.68,329.35,329.90,447058
2020-10-05,333.56,340.80,331.34,333.33,674416
2020-10-06,365.40,370.00,335.82,335.82,1454950
2020-10-07,360.30,365.40,352.81,365.17,890192
2020-10-08,362.64,365.17,358.21,362.59,491966
2020-10-09,368.66,389.50,358.26,363.66,2112564
2020-10-12,364.58,377.98,360.50,370.67,791088
2020-10-13,370.75,375.80,360.10,363.13,597672
2020-10-14,366.57,373.13,355.85,368.16,1380576
2020-10-15,360.99,375.12,359.48,367.66,757604
2020-10-16,364.08,367.54,358.73,363.18,389180
2020-10-19,382.04,384.53,361.24,364.68,1402150
2020-10-20,392.26,396.47,375.62,375.62,1310886
2020-10-21,384.85,402.61,373.18,393.13,3562514
2020-10-22,387.54,394.53,383.38,386.07,883660
2020-10-23,392.71,396.02,388.13,393.01,424904
2020-10-26,384.30,396.52,382.01,395.20,342112
2020-10-27,392.86,394.55,374.38,384.30,636818
2020-10-28,397.69,403.98,388.38,396.52,1631982
2020-10-29,389.48,402.49,384.55,396.52,745876
2020-10-30,385.75,392.79,385.32,389.05,724496
2020-11-02,382.81,390.40,379.88,385.07,744738
2020-11-03,384.18,394.78,380.67,384.58,624142
2020-11-04,387.86,392.49,384.18,387.98,921176
2020-11-05,377.04,395.02,374.13,390.55,905602
2020-11-06,384.18,392.96,378.61,378.61,833332
2020-11-09,402.39,412.16,388.56,389.70,2278250
2020-11-10,426.57,428.86,405.45,407.96,3751542
2020-11-11,421.47,433.81,401.87,432.84,4045838
2020-11-12,411.42,432.84,406.02,422.39,1418618
2020-11-13,420.00,421.89,398.53,412.93,733104
2020-11-14,424.03,432.16,421.89,422.89,186022
2020-11-17,443.71,449.95,422.89,428.81,3863198
2020-11-18,445.70,470.40,433.83,448.21,5548206
2020-11-19,439.75,454.13,430.92,443.28,1157708
2020-11-20,436.84,446.84,433.53,440.47,631522
2020-11-23,432.66,444.15,430.62,440.30,599688
2020-11-24,435.00,443.61,432.84,440.30,673496
2020-11-25,425.99,437.71,423.38,436.52,903398
2020-11-26,428.38,433.38,420.70,427.36,772924
2020-11-27,417.44,440.22,410.94,435.32,1699800
2020-12-01,434.28,435.32,417.91,422.64,1220234
2020-12-02,441.12,442.79,428.86,436.42,927000
2020-12-03,437.96,444.83,433.83,442.79,573344
2020-12-04,438.03,445.27,432.34,440.20,637950
2020-12-07,447.09,452.49,437.81,438.31,813648
2020-12-08,451.64,464.68,448.71,449.25,1321306
2020-12-09,457.16,460.20,451.39,454.73,651248
2020-12-10,453.26,460.20,448.43,457.76,597506
2020-12-11,457.86,459.20,446.77,454.58,1032716
2020-12-14,462.41,463.68,448.76,452.74,588730
2020-12-15,459.00,461.82,450.25,460.55,464160
2020-12-16,455.62,461.14,452.79,460.15,512468
2020-12-17,469.23,472.64,452.74,455.62,898568
2020-12-18,446.27,459.68,438.06,459.68,11127804
2020-12-21,418.13,449.97,358.43,447.76,2300470
2020-12-22,425.87,437.81,409.08,418.91,1375614
2020-12-23,432.21,434.83,420.32,425.87,2601826
2020-12-24,431.77,437.81,424.43,432.84,1586958
2020-12-28,425.99,436.29,423.38,436.29,981228
2020-12-29,422.11,435.70,419.95,432.89,2171508
2020-12-30,424.10,427.86,418.73,425.37,1182792
2020-12-31,424.18,425.87,418.16,425.87,1303682
2021-01-01,435.50,438.13,421.52,425.37,1512142
2021-01-04,439.43,443.66,431.84,442.79,2693724
2021-01-05,440.12,442.79,434.08,442.56,1533304
2021-01-06,442.56,446.27,434.33,444.28,2616550
2021-01-07,441.79,447.76,438.38,444.75,1155794
2021-01-08,444.58,455.87,441.74,447.26,1975580
2021-01-11,447.49,450.00,434.58,448.18,1128786
2021-01-12,450.17,451.74,445.25,445.52,945394
2021-01-13,444.03,452.21,439.88,452.21,1460602
2021-01-14,454.73,463.43,445.97,445.97,2031400
2021-01-15,457.84,458.66,451.37,454.73,2823654
2021-01-18,442.46,459.68,437.81,458.21,3679398
2021-01-19,447.44,452.46,444.78,445.17,2697278
2021-01-20,457.89,462.81,443.86,450.22,1892468
2021-01-21,454.38,460.10,450.25,458.61,1954442
2021-01-22,446.07,454.90,438.36,454.53,1316030
2021-01-25,440.12,448.76,437.81,448.76,517856
2021-01-27,424.20,443.26,419.15,440.30,1131842
2021-01-28,432.74,436.32,420.40,430.85,612148
2021-01-29,434.08,441.72,429.15,437.81,2255772
2021-02-01,468.43,472.64,443.28,443.28,4617244
2021-02-02,477.96,497.01,465.20,472.86,2260392
2021-02-03,478.86,483.98,469.50,483.98,1622092
2021-02-04,480.07,487.06,468.43,482.06,1703740
2021-02-05,488.51,495.02,480.10,482.59,1494496
2021-02-08,513.61,519.90,491.29,492.39,1715290
2021-02-09,529.03,537.81,516.91,517.31,1642472
2021-02-10,546.77,554.63,526.29,534.33,2290110
2021-02-11,560.15,565.65,539.83,549.20,1413758
2021-02-12,546.91,560.15,525.12,559.70,1594098
2021-02-15,543.08,554.60,527.81,552.24,1182186
2021-02-16,543.66,561.19,534.97,541.79,910852
2021-02-17,546.32,553.36,537.81,543.66,788810
2021-02-18,564.58,574.33,543.01,546.52,2713438
2021-02-19,551.74,563.03,539.10,559.15,1107494
2021-02-22,534.75,561.19,521.39,551.74,924766
2021-02-23,556.44,558.81,532.84,532.84,1345590
2021-02-24,590.20,595.99,567.26,570.10,1143630
2021-02-25,580.45,600.50,576.14,595.52,1272568
2021-02-26,560.45,576.39,542.51,576.12,1706028
2021-03-01,571.37,579.63,560.99,566.17,1508314
2021-03-02,572.89,584.58,567.96,577.06,820394
2021-03-03,597.46,609.45,565.45,578.31,4157400
2021-03-04,630.85,641.79,585.47,590.87,4495046
2021-03-05,627.21,643.61,612.54,633.83,2766040
2021-03-08,628.88,641.79,618.36,634.03,1850242
2021-03-09,613.21,655.20,605.47,626.84,4797950
2021-03-10,623.51,630.85,598.41,623.88,2368024
2021-03-12,624.60,634.23,614.43,625.99,1606326
2021-03-15,591.32,622.74,586.57,621.87,2493444
2021-03-16,611.96,615.75,601.17,602.51,2241050
2021-03-17,582.01,611.44,579.28,611.44,1624500
2021-03-18,579.55,601.99,571.14,595.52,2016656
2021-03-19,595.90,608.13,559.20,559.20,1951116
2021-03-22,608.41,614.30,594.53,601.49,1516070
2021-03-23,619.55,632.79,607.14,614.43,2572168
2021-03-24,609.75,623.71,604.48,614.92,1545916
2021-03-25,572.39,611.91,564.73,611.91,2427582
2021-03-26,586.32,594.97,571.52,579.35,1737178
2021-03-30,646.22,673.83,579.60,596.99,15301252
2021-03-31,610.87,638.33,605.20,636.82,3861914
2021-04-01,630.80,635.82,604.48,621.89,2174106
2021-04-05,611.19,628.86,605.50,627.86,1744942
2021-04-06,608.51,623.88,597.64,612.44,1312928
2021-04-07,613.51,625.60,597.09,608.48,1649224
2021-04-08,622.84,629.35,613.93,616.39,1928416
2021-04-09,584.33,621.89,582.11,621.89,3644778
2021-04-12,535.57,573.63,510.17,573.63,4781980
2021-04-13,537.71,550.20,514.85,535.57,4907432
2021-04-15,525.10,549.25,517.41,537.71,4665216
2021-04-16,535.87,547.01,527.36,527.36,2265092
2021-04-19,505.40,514.92,484.23,514.92,4285190
2021-04-20,518.06,524.88,507.46,509.95,2956612
2021-04-22,544.50,551.72,500.00,502.49,3457122
2021-04-23,535.07,561.44,524.03,542.21,4514366
2021-04-26,523.13,545.27,519.90,537.81,4606752
2021-04-27,540.20,545.75,516.42,522.36,3171274
2021-04-28,571.54,576.62,533.16,544.78,4286394
2021-04-29,559.45,583.08,554.73,569.65,5227672
2021-04-30,499.65,539.30,495.05,533.33,13914750
2021-05-03,459.73,472.64,454.85,472.14,13918522
2021-05-04,455.47,476.34,454.03,467.66,7028910
2021-05-05,468.68,473.86,452.74,462.69,9157548
2021-05-06,476.09,483.58,465.05,473.13,4708810
2021-05-07,462.11,474.25,460.15,470.15,3623924
2021-05-10,471.02,473.08,465.17,469.65,2393210
2021-05-11,482.46,486.64,462.93,464.68,3751410
2021-05-12,475.00,480.10,471.09,477.61,2541974
2021-05-14,471.02,484.33,468.23,480.10,2055776
2021-05-17,468.71,474.88,461.94,474.88,3407218
2021-05-18,490.85,492.81,473.18,475.62,4482588
2021-05-19,489.28,496.44,483.08,490.05,2724008
2021-05-20,477.66,492.21,476.89,487.56,2374412
2021-05-21,487.81,492.01,477.64,477.66,2339704
2021-05-24,486.77,492.46,482.71,490.05,1664390
2021-05-25,479.50,489.50,477.76,489.05,1440724
2021-05-26,479.13,484.08,473.63,482.59,2072998
2021-05-27,488.71,494.53,479.68,481.59,3055092
2021-05-28,495.25,501.49,488.56,492.54,4036076
2021-05-31,491.82,497.51,487.39,496.89,1483674
2021-06-01,492.09,494.92,485.57,492.54,1087324
2021-06-02,502.39,504.95,490.07,491.04,1214768
2021-06-03,500.85,509.65,496.72,507.46,1496266
2021-06-04,498.48,507.61,496.22,500.50,1394052
2021-06-07,508.51,512.36,500.50,501.89,1192896
2021-06-08,501.27,511.99,499.03,511.94,959358
2021-06-09,495.42,507.46,488.18,500.90,1984592
2021-06-10,493.81,498.13,487.56,497.51,1555710
2021-06-11,520.42,529.20,495.52,495.52,7105688
2021-06-14,532.34,537.06,503.26,522.39,4978312
2021-06-15,528.03,541.09,526.02,537.14,2131360
2021-06-16,517.66,529.95,515.52,529.35,985260
2021-06-17,510.60,525.55,501.17,511.44,2451212
2021-06-18,511.27,522.36,501.32,511.39,2959710
2021-06-21,524.08,528.21,499.88,506.44,2042136
2021-06-22,512.56,534.00,509.95,529.90,2402508
2021-06-23,506.04,520.97,504.73,514.00,1221118
2021-06-24,502.56,514.92,500.80,509.95,1929386
2021-06-25,515.22,517.56,505.57,507.24,1451910
2021-06-28,522.61,525.37,511.94,517.41,1324100
2021-06-29,535.97,540.07,517.41,524.13,4420136
2021-06-30,515.35,539.05,513.43,537.41,3223154
2021-07-01,508.78,519.85,507.49,518.41,1801982
2021-07-02,516.84,518.51,509.45,509.45,1452020
2021-07-05,512.61,521.14,508.33,519.88,1312836
2021-07-06,554.38,568.53,525.37,525.37,17155380
2021-07-07,559.70,563.68,542.79,551.74,3085508
2021-07-08,567.86,573.83,553.11,554.73,3931060
2021-07-09,594.38,597.01,562.91,567.66,6379062
2021-07-12,591.04,600.25,585.07,592.51,3577368
2021-07-13,587.91,598.01,586.09,595.02,1555932
2021-07-14,592.93,595.67,587.06,587.56,1123442
2021-07-15,621.09,626.87,592.29,593.03,3966354
2021-07-16,610.67,624.38,608.03,622.64,1111842
2021-07-19,601.22,614.68,585.07,606.91,1575676
2021-07-20,578.01,610.45,575.67,600.94,2574542
2021-07-22,574.38,606.82,570.92,582.84,3750494
2021-07-23,579.97,584.08,570.17,579.60,1957972
2021-07-26,586.82,592.54,576.02,584.08,2438558
2021-07-27,594.45,597.98,585.10,586.57,2310100
2021-07-28,584.15,594.53,563.71,594.53,2174688
2021-07-29,593.86,597.51,582.91,589.80,1326572
2021-07-30,606.82,608.63,582.69,595.02,2536790
2021-08-02,608.81,613.18,600.15,611.44,2742366
2021-08-03,596.99,616.91,593.86,607.46,1845392
2021-08-04,618.46,622.98,598.46,605.47,4389548
2021-08-05,616.96,626.17,606.96,619.90,3006188
2021-08-06,621.29,638.81,602.66,616.89,8251438
2021-08-09,629.23,632.44,612.98,622.01,3627644
2021-08-10,648.76,656.72,627.89,629.35,5077426
2021-08-11,640.97,652.96,626.44,651.74,2131818
2021-08-12,658.51,661.09,637.81,641.74,1923310
2021-08-13,659.92,664.97,648.28,656.72,1794282
2021-08-16,662.16,666.67,655.25,663.83,1469206
2021-08-17,671.74,678.36,657.46,664.18,2880214
2021-08-18,666.17,686.32,661.57,676.87,2307842
2021-08-20,647.44,663.68,637.61,661.69,1966886
2021-08-23,643.78,659.20,635.57,654.10,1481708
2021-08-24,676.49,691.47,641.79,649.25,4282230
2021-08-25,671.79,680.60,661.89,676.49,1746510
2021-08-26,673.28,687.54,664.18,671.94,3004486
2021-08-27,639.55,677.56,625.87,673.28,3174062
2021-08-30,644.23,651.24,620.02,624.38,4684786
2021-08-31,562.56,650.35,522.96,647.76,26080586
2021-09-01,575.17,601.29,556.29,583.08,19172322
2021-09-02,583.28,592.04,562.69,577.11,5914976
2021-09-03,582.04,603.48,572.71,587.09,7401602
2021-09-06,580.82,591.34,570.30,582.06,2457076
2021-09-07,578.90,588.01,572.88,584.00,2659654
2021-09-08,587.56,591.52,573.93,582.54,2051444
2021-09-09,583.95,589.53,582.09,583.08,1379996
2021-09-13,572.34,583.95,570.10,583.95,2798596
2021-09-14,564.18,580.57,559.23,572.14,3691422
2021-09-15,565.12,574.38,563.18,565.17,2294956
2021-09-16,573.71,577.76,561.69,570.22,2464466
2021-09-17,555.42,578.61,542.59,574.63,4457012
2021-09-20,548.88,562.19,539.80,546.72,2150348
2021-09-21,539.73,557.21,533.26,549.75,3860266
2021-09-22,539.80,548.56,537.31,543.66,2872384
2021-09-23,549.03,561.34,541.29,544.18,2972174
2021-09-24,533.21,559.40,530.30,554.23,2060320
2021-09-27,559.30,564.18,527.86,537.31,4006234
2021-09-28,560.99,569.00,550.57,562.16,3201270
2021-09-29,576.57,586.57,553.48,559.70,7652860
2021-09-30,579.23,591.34,574.63,578.41,4623200
2021-10-01,589.03,591.04,557.21,577.11,2352386
2021-10-04,591.74,598.56,589.05,589.05,1668462
2021-10-05,603.48,604.83,582.59,589.55,2303834
2021-10-06,598.56,626.87,595.42,619.30,6124484
2021-10-07,599.95,607.98,596.52,607.98,1637240
2021-10-08,605.65,614.92,601.24,602.49,2124984
2021-10-11,602.91,612.36,600.99,607.96,889294
2021-10-12,604.97,610.92,597.01,602.89,1542138
2021-10-13,600.87,616.89,600.15,609.45,1605146
2021-10-14,593.38,610.70,591.17,605.97,1471172
2021-10-18,608.90,614.35,592.04,602.89,2265824
2021-10-19,588.23,613.95,584.58,609.45,1598562
2021-10-20,575.75,591.22,572.14,589.55,1082584
2021-10-21,587.16,596.29,569.23,576.09,1584898
2021-10-22,604.18,605.94,583.08,589.55,2369426
2021-10-25,598.23,611.44,587.11,606.96,1715806
2021-10-26,627.34,631.07,600.92,600.92,4529824
2021-10-27,630.72,638.31,623.01,630.85,2412010
2021-10-28,610.75,646.52,604.90,632.34,2790810
2021-10-29,605.15,638.81,563.16,611.94,4320740
2021-11-01,600.45,614.38,594.03,614.13,1433956
2021-11-02,619.48,627.79,601.74,604.83,2561750
2021-11-03,602.51,627.14,595.55,621.89,1436236
2021-11-04,608.76,610.57,606.47,606.47,151860
2021-11-08,619.15,623.33,596.02,609.45,1007412
2021-11-09,616.67,623.38,612.84,621.89,1082664
2021-11-10,601.96,621.74,600.55,616.42,1073816
2021-11-11,597.71,606.44,594.53,604.85,1282718
2021-11-12,605.12,608.95,597.54,600.40,891538
2021-11-15,602.21,611.44,599.10,601.99,706618
2021-11-16,617.93,620.89,600.80,602.98,1125662
2021-11-17,619.25,624.30,612.04,617.91,2055564
2021-11-18,604.10,622.61,598.53,622.61,1479544
2021-11-22,592.66,612.31,584.10,607.46,2367468
2021-11-23,597.19,606.96,584.58,584.58,2023810
2021-11-24,599.40,607.44,593.03,598.51,611540
2021-11-25,592.51,618.53,588.06,608.81,1894504
2021-11-26,561.14,592.86,556.72,591.54,1786996
2021-11-29,548.83,556.79,537.34,556.22,1388386
2021-11-30,545.32,565.17,539.33,549.75,1489166
2021-12-01,559.13,561.69,545.75,547.79,1198578
2021-12-02,562.91,564.68,552.31,559.70,770528
2021-12-03,565.35,573.61,543.53,563.18,1474378
2021-12-06,557.14,569.15,553.31,568.16,779122
2021-12-07,559.55,573.13,552.76,561.69,1389422
2021-12-08,577.21,579.88,561.72,566.67,1362088
2021-12-09,579.68,588.31,576.44,578.61,1251074
2021-12-10,577.09,582.59,570.27,580.60,960950
2021-12-13,577.26,587.54,569.30,580.10,878692
2021-12-14,581.54,589.30,572.14,579.53,1368224
2021-12-15,575.37,594.53,573.95,584.68,1579372
2021-12-16,570.92,588.28,567.36,580.10,1433492
2021-12-17,551.74,576.27,546.79,572.09,4305298
2021-12-20,497.26,547.16,490.17,528.86,6018086
2021-12-21,515.72,528.98,495.67,498.08,4676908
2021-12-22,510.99,523.31,508.16,515.72,1653732
2021-12-23,519.83,527.36,508.78,519.90,1713196
2021-12-24,511.32,522.54,506.59,519.90,1188550
2021-12-27,500.10,512.34,460.20,501.49,4667600
2021-12-28,490.60,508.73,488.56,506.96,2799888
2021-12-29,503.06,505.67,484.75,491.54,2573164
2021-12-30,519.08,528.06,497.51,500.50,6011386
2021-12-31,515.67,524.60,511.59,512.44,1480180
2022-01-03,530.00,540.55,517.36,517.36,3023554
2022-01-04,545.22,549.65,533.31,533.61,2864674
2022-01-05,581.77,621.59,555.30,565.15,20462010
2022-01-06,580.62,591.04,567.79,576.62,4974210
2022-01-07,607.46,611.44,582.74,584.58,6152482
2022-01-10,614.10,620.15,608.03,613.33,3429352
2022-01-11,646.17,651.14,614.43,617.91,7435854
2022-01-12,645.42,653.76,640.17,652.64,3024856
2022-01-13,650.94,656.57,642.81,644.28,2393052
2022-01-14,628.06,648.01,626.37,648.01,2263236
2022-01-17,633.78,639.28,626.69,628.06,1494092
2022-01-18,626.02,653.93,621.89,633.73,3480788
2022-01-19,628.93,636.67,618.18,628.61,2010484
2022-01-20,623.90,635.32,621.69,630.30,2234940
2022-01-21,625.22,632.16,612.04,620.82,1739486
2022-01-24,611.69,631.49,606.37,625.22,1649384
2022-01-25,620.12,628.33,598.01,609.30,2314474
2022-01-27,634.68,639.00,610.55,614.43,3623976
2022-01-28,632.61,646.77,627.06,641.64,2511440
2022-01-31,651.52,665.67,627.24,631.84,6266560
2022-02-01,670.15,675.12,647.31,658.71,3775208
2022-02-02,694.92,698.53,670.15,671.64,4516994
2022-02-03,686.99,706.96,682.11,694.03,2977552
2022-02-04,668.61,691.47,663.48,688.81,1762798
2022-02-07,666.17,678.61,655.92,672.34,1921966
2022-02-08,663.86,677.24,648.26,669.65,2095414
2022-02-09,680.05,683.41,665.67,668.11,1608584
2022-02-10,685.55,688.48,675.12,680.60,1508618
2022-02-11,656.87,685.55,654.73,680.10,1677724
2022-02-14,623.76,646.77,620.57,641.89,1723900
2022-02-15,650.30,655.22,618.41,624.38,1462732
2022-02-16,635.05,654.10,632.39,650.30,1554850
2022-02-17,631.67,643.28,622.93,634.88,1626704
2022-02-18,627.41,636.82,623.38,629.35,1083516
2022-02-21,627.88,635.25,618.68,627.41,973058
2022-02-22,627.36,629.35,610.05,620.40,1526056
2022-02-23,633.56,641.79,627.86,633.83,1224002
2022-02-24,586.84,629.30,579.60,611.94,2616926
2022-02-25,614.28,619.80,592.96,595.00,1743226
2022-02-28,598.81,611.94,589.95,610.94,2236010
2022-03-02,601.67,607.46,581.62,589.55,2434242
2022-03-03,576.19,609.13,571.14,604.03,3038270
2022-03-04,559.73,578.08,554.73,574.13,2190426
2022-03-07,529.80,546.24,523.31,531.74,3253850
2022-03-08,546.44,550.35,522.39,522.89,2751556
2022-03-09,569.70,572.14,538.11,552.24,2433296
2022-03-10,578.16,594.53,572.44,583.08,3223206
2022-03-11,593.56,595.02,570.17,572.14,2531178
2022-03-14,557.76,598.98,535.37,594.97,5538038
2022-03-15,581.84,588.06,562.76,563.43,3947152
2022-03-16,586.49,594.48,577.93,587.06,3214070
2022-03-17,578.81,599.50,576.99,597.01,2284234
2022-03-21,585.94,588.98,567.16,587.06,2554532
2022-03-22,595.05,596.87,579.13,585.94,1763570
2022-03-23,614.80,617.19,597.54,597.54,3682644
2022-03-24,617.64,626.29,609.45,612.93,2157018
2022-03-25,600.00,622.66,595.94,619.97,1813510
2022-03-28,604.35,609.35,597.64,604.97,1626170
2022-03-29,604.80,612.19,599.33,609.25,1200232
2022-03-30,598.11,614.73,593.78,607.36,3058516
2022-03-31,620.02,621.89,600.07,601.99,2013130
2022-04-01,640.57,641.79,614.43,616.42,2654250
2022-04-04,651.09,655.47,633.01,640.57,1931408
2022-04-05,654.15,668.66,645.77,666.17,2714370
2022-04-06,664.88,666.67,647.44,653.93,2881648
2022-04-07,677.61,686.39,656.32,656.32,2603620
2022-04-08,691.04,699.48,679.60,679.60,3042498
2022-04-11,695.12,704.92,684.78,691.49,1738134
2022-04-12,696.99,699.85,684.58,695.52,2759828
2022-04-13,697.91,711.19,695.02,699.40,2800716
2022-04-18,686.67,697.91,678.61,691.57,3003826
2022-04-19,706.72,726.24,694.08,697.51,9170498
2022-04-20,706.59,719.40,700.02,706.67,3416344
2022-04-21,713.95,729.33,707.96,713.43,2188594
2022-04-22,682.44,712.34,678.18,712.34,3423786
2022-04-25,681.07,689.15,667.09,679.10,2078930
2022-04-26,704.25,707.04,685.92,688.78,2523176
2022-04-27,678.08,699.00,666.67,699.00,5528720
2022-04-28,700.70,703.98,680.87,691.54,3154478
2022-04-29,691.57,708.46,683.86,706.47,1739726
2022-05-02,682.14,691.74,674.65,687.96,2070924
2022-05-04,660.22,693.68,654.25,691.04,2184686
2022-05-05,671.69,679.15,661.19,671.14,1864370
2022-05-06,654.95,666.64,634.68,646.77,2431816
2022-05-09,636.42,653.68,633.13,651.74,1800792
2022-05-10,628.21,645.27,626.87,630.10,2134714
2022-05-11,634.43,638.21,613.73,635.27,2099144
2022-05-12,616.44,631.82,605.37,628.81,3019552
2022-05-13,643.61,659.88,637.93,641.79,8256280
2022-05-16,649.85,657.01,639.45,651.74,2467244
2022-05-17,654.43,659.20,650.00,659.20,2158594
2022-05-18,638.33,665.05,636.82,661.19,2304192
2022-05-19,627.01,633.23,621.89,624.38,2647410
2022-05-20,651.84,654.23,633.88,636.82,2417282
2022-05-23,666.64,674.13,654.73,657.71,3019164
2022-05-24,658.41,673.08,651.27,666.57,3137550
2022-05-25,641.22,663.63,634.83,658.16,2394842
2022-05-26,657.46,663.31,644.28,646.52,2689048
2022-05-27,652.93,666.67,648.90,666.12,2785788
2022-05-30,644.80,665.42,642.09,655.77,1381314
2022-05-31,622.56,650.42,611.74,644.73,17460496
2022-06-01,639.92,644.35,626.74,634.92,2025758
2022-06-02,647.71,650.75,636.04,646.07,1196040
2022-06-03,628.26,656.99,625.10,651.24,2137620
2022-06-06,630.92,636.44,624.88,630.35,1947938
2022-06-07,631.91,639.10,625.97,630.60,1673398
2022-06-08,626.09,640.67,622.89,638.18,3731768
2022-06-09,610.30,633.83,602.98,631.74,2314345
2022-06-10,600.05,610.75,596.52,606.91,1569736
2022-06-13,585.02,591.99,577.21,587.06,3029043
2022-06-14,599.95,606.96,576.32,576.32,3072334
2022-06-15,624.28,626.87,600.15,606.47,2533624
2022-06-16,621.54,638.31,610.20,631.24,2249696
2022-06-17,620.40,626.67,606.22,615.42,2324022
2022-06-20,611.09,622.79,599.20,621.04,975584
2022-06-21,608.71,616.91,603.98,611.99,1013194
2022-06-22,596.07,606.27,592.59,603.98,1423249
2022-06-23,607.56,618.90,592.04,597.01,1391198
2022-06-24,611.39,616.91,601.99,608.95,1329654
2022-06-27,621.19,627.86,617.41,618.16,788738
2022-06-28,619.55,624.33,611.89,618.61,1141215
2022-06-29,593.08,599.95,562.19,591.04,8784371
2022-06-30,588.76,597.26,579.30,591.04,2546047
2022-07-01,576.02,584.38,560.50,583.08,2741511
2022-07-04,560.65,584.97,556.82,580.05,2304333
2022-07-05,553.93,569.95,551.24,567.16,1728921
2022-07-06,578.76,582.09,555.22,557.71,2202048
2022-07-07,582.44,590.05,575.57,581.09,1800753
2022-07-08,579.15,595.92,576.62,583.08,980621
2022-07-11,581.74,588.81,573.33,577.11,1197204
2022-07-12,574.13,584.83,571.29,580.55,1415638
2022-07-13,568.31,581.99,563.93,577.01,889964
2022-07-14,551.74,568.31,547.61,565.82,2573264
2022-07-15,547.41,556.17,536.32,552.24,2026203
2022-07-18,554.48,559.20,548.41,552.24,1659155
2022-07-19,563.38,566.72,542.39,547.81,2669484
2022-07-20,574.08,578.56,565.37,575.12,1919119
2022-07-21,583.83,598.01,567.16,572.14,4404423
2022-07-22,579.45,591.39,577.96,589.05,1042411
2022-07-25,578.81,582.04,567.26,579.00,1098397
2022-07-26,579.45,583.08,572.74,577.51,1075622
2022-07-27,578.95,587.06,575.77,578.11,951226
2022-07-28,588.37,591.60,575.12,579.60,1287017
2022-07-29,589.61,598.52,584.73,593.54,1320263
2022-08-01,602.26,604.95,585.83,590.76,1295727
2022-08-02,615.25,624.12,594.49,601.06,2648323
2022-08-03,607.09,620.83,598.03,617.45,1876962
2022-08-04,633.98,642.34,607.93,607.93,3809324
2022-08-05,645.33,647.42,625.91,633.98,1838153
2022-08-08,647.37,652.30,640.00,642.34,1277644
2022-08-10,642.49,654.79,637.71,647.82,1506846
2022-08-11,641.70,656.88,639.35,646.92,1369854
2022-08-12,628.55,645.33,625.51,645.33,8516334
2022-08-16,637.21,644.43,630.39,630.39,2194505
2022-08-17,643.59,649.31,634.87,644.33,1883992
2022-08-18,642.69,644.48,636.62,640.35,983261
2022-08-19,636.32,653.30,632.38,652.30,2046529
2022-08-22,634.28,641.35,626.36,632.18,1375779
2022-08-23,643.79,650.26,624.42,627.90,2306745
2022-08-24,648.97,656.28,640.60,643.94,2121635
2022-08-25,645.83,665.25,642.34,653.70,3640290
2022-08-26,638.76,656.09,634.62,649.71,1123235
2022-08-29,631.14,635.67,617.64,624.91,2405127
2022-08-30,631.29,642.04,625.81,631.69,4829944
2022-09-01,645.33,651.60,631.99,637.31,2108773
2022-09-02,642.54,653.00,640.75,642.34,1371229
2022-09-05,649.26,655.94,640.35,646.53,1027756
2022-09-06,647.42,655.19,644.73,655.19,1003879
2022-09-07,638.26,647.42,636.91,644.33,862386
2022-09-08,646.33,648.22,641.45,641.50,1210770
2022-09-09,649.91,665.25,645.83,654.29,2401767
2022-09-12,658.03,659.82,649.56,652.00,1050504
2022-09-13,672.02,674.41,659.57,660.07,2035584
2022-09-14,674.81,679.89,662.26,667.04,1474192
2022-09-15,678.04,683.77,672.02,678.19,1273028
2022-09-16,655.94,680.58,650.56,676.20,1257784
2022-09-19,650.71,658.43,641.45,655.94,1103577
2022-09-20,663.46,670.13,652.40,656.28,1037776
2022-09-21,663.26,675.36,660.77,667.34,1549475
2022-09-22,660.67,669.78,656.53,660.97,913273
2022-09-23,635.22,666.84,632.98,661.26,1211636
2022-09-26,594.69,632.38,587.22,630.39,2957525
2022-09-27,604.10,607.54,588.07,604.20,1373046
2022-09-28,579.85,601.51,574.62,600.12,1771176
2022-09-29,597.93,605.64,586.22,591.55,2772572
2022-09-30,616.65,622.33,585.58,600.32,2359873
2022-10-03,591.95,616.65,587.67,614.41,2032188
2022-10-04,605.25,613.11,601.61,603.50,1640822
2022-10-06,602.56,636.12,598.57,623.42,3958623
2022-10-07,588.61,602.56,584.58,602.51,2075229
2022-10-10,584.93,589.71,576.02,576.02,1142078
2022-10-11,580.40,587.87,576.42,587.27,2613081
2022-10-12,586.03,588.56,569.84,583.34,1964964
2022-10-13,579.20,584.48,575.72,580.90,2191049
2022-10-14,598.92,603.50,582.59,587.57,3262434
2022-10-17,613.21,615.45,593.39,597.13,1806133
2022-10-18,623.02,626.16,613.91,616.30,1137553
2022-10-19,623.37,629.40,613.96,625.41,1939613
2022-10-20,589.91,617.40,582.59,617.40,5705861
2022-10-21,576.96,604.50,574.97,592.90,3625697
2022-10-24,578.31,596.53,575.62,596.53,515268
2022-10-25,572.53,579.35,565.16,579.35,1469741
2022-10-27,578.46,580.85,573.58,574.12,1156810
2022-10-28,571.73,580.80,569.20,578.01,1169510
2022-10-31,587.12,587.77,574.77,577.46,1170001
2022-11-01,611.07,614.06,589.56,591.50,3250869
2022-11-02,614.06,619.19,607.88,611.47,1398819
2022-11-03,612.07,616.25,608.53,612.27,1134976
2022-11-04,613.81,617.35,609.28,610.47,805042
2022-11-07,613.81,619.19,611.27,616.90,1166056
2022-11-09,639.90,644.93,613.46,616.75,3550281
2022-11-10,625.81,640.35,617.59,636.87,1549410
2022-11-11,620.98,652.30,618.39,632.38,1519531
2022-11-14,633.53,637.86,619.44,623.32,1086235
2022-11-15,631.29,636.22,629.40,634.28,977826
2022-11-16,622.23,630.29,619.44,629.40,1791280
2022-11-17,608.38,619.24,603.01,619.24,1431167
2022-11-18,609.68,616.05,603.40,611.47,857461
2022-11-21,612.52,619.44,606.69,609.48,791310
2022-11-22,615.20,618.74,607.64,615.60,613966
2022-11-23,621.33,624.42,612.81,618.24,827880
2022-11-24,633.73,635.92,619.44,622.42,1089860
2022-11-25,635.12,637.36,625.91,633.38,1083395
2022-11-28,636.12,642.09,627.11,627.11,945254
2022-11-29,624.77,639.26,623.27,636.37,791869
2022-11-30,636.67,642.19,625.06,625.41,2604030
2022-12-01,636.57,646.62,634.67,639.35,1264166
2022-12-02,645.68,647.27,627.60,635.27,2011522
2022-12-05,648.47,653.30,643.59,647.32,1406695
2022-12-06,646.43,651.16,644.33,647.32,1401494
2022-12-07,668.88,672.82,646.08,646.18,3280365
2022-12-08,670.18,676.75,667.24,673.66,2015490
2022-12-09,679.34,691.84,670.33,670.68,2788592
2022-12-12,674.56,687.06,668.09,684.17,1289020
2022-12-13,661.31,676.65,659.27,676.65,1426088
2022-12-14,669.38,671.72,662.26,664.25,790701
2022-12-15,666.24,673.21,661.36,669.38,869684
2022-12-16,664.30,673.21,657.28,657.28,1692206
2022-12-19,667.84,676.35,662.16,667.09,867270
2022-12-20,673.61,681.58,664.50,664.50,1910526
2022-12-21,667.34,679.19,661.06,679.14,1296136
2022-12-22,668.73,673.02,658.87,668.24,1375529
2022-12-23,641.65,667.24,639.35,658.77,2087464
2022-12-26,652.35,660.37,635.07,638.36,705455
2022-12-27,660.62,662.66,650.31,657.28,896071
2022-12-28,660.47,664.45,655.19,660.22,391805
2022-12-29,662.66,667.24,653.45,660.07,2650477
2022-12-30,651.75,669.23,646.43,662.66,1010912
2023-01-02,654.29,658.53,651.31,654.19,1586054
2023-01-03,648.37,661.16,647.32,656.23,1288812
2023-01-04,638.96,652.75,636.37,649.31,1242852
2023-01-05,633.48,642.04,621.58,639.16,1987570
2023-01-06,623.22,636.72,616.90,632.38,1634322
2023-01-09,630.59,633.08,624.42,632.38,1012950
2023-01-10,622.62,630.29,615.20,630.29,1056504
2023-01-11,619.49,624.37,612.52,622.47,1159019
2023-01-12,625.56,629.30,617.84,622.42,923943
2023-01-13,617.20,628.90,613.76,628.85,1393324
2023-01-16,621.43,627.16,615.65,621.08,578028
2023-01-17,625.41,627.85,619.09,622.37,995664
2023-01-18,626.91,629.40,622.42,627.40,658733
2023-01-19,618.69,628.20,616.30,625.96,607144
2023-01-20,613.81,626.56,611.37,625.26,1583943
2023-01-23,638.26,642.34,610.97,613.81,2321545
2023-01-24,632.08,639.85,627.85,639.85,878065
2023-01-25,613.36,632.33,610.97,630.89,1557125
2023-01-27,601.46,624.07,598.52,616.30,1776308
2023-01-30,603.75,611.12,596.03,601.51,1447773
2023-01-31,616.35,621.43,602.51,606.89,926518
2023-02-01,609.33,630.39,597.83,619.44,1069083
2023-02-02,622.77,624.96,604.50,607.49,894783
2023-02-03,626.56,628.65,612.47,625.41,611768
2023-02-06,629.45,638.06,624.42,626.66,668139
2023-02-07,646.33,647.32,627.55,629.89,1562892
2023-02-08,646.33,650.21,642.64,648.27,776186
2023-02-09,638.21,650.06,633.38,649.31,713809
2023-02-10,647.27,649.91,639.35,639.35,739083
2023-02-13,632.08,650.06,630.99,645.78,1050676
2023-02-14,630.39,633.88,625.51,632.08,491778
2023-02-15,631.34,636.12,626.96,632.58,848205
2023-02-16,623.87,637.06,620.78,636.37,546492
2023-02-17,610.97,623.42,602.01,623.42,1686927
2023-02-20,600.57,612.17,598.03,611.27,1506325
2023-02-21,602.61,608.98,596.98,604.55,1166085
2023-02-22,592.95,603.80,585.83,600.52,1077300
2023-02-23,590.95,596.28,582.59,593.54,1294389
2023-02-24,595.59,604.10,593.20,594.54,999140
2023-02-27,594.74,597.93,583.78,595.59,1169695
2023-02-28,590.46,603.50,587.07,594.29,1360975
2023-03-01,608.98,610.97,588.56,590.56,1079988
2023-03-02,608.83,617.45,603.35,608.48,1774214
2023-03-03,620.68,622.92,607.98,613.71,1615160
2023-03-06,621.98,627.40,619.44,623.32,1067601
2023-03-08,628.50,630.39,615.95,615.95,824314
2023-03-09,621.18,634.03,619.94,629.40,953543
2023-03-10,621.93,623.87,609.78,613.46,1421904
2023-03-13,593.99,619.79,591.60,616.45,3529195
2023-03-14,588.22,604.40,585.88,593.54,1493303
2023-03-15,580.80,597.18,577.86,594.29,862519
2023-03-16,581.59,586.52,571.49,579.60,1453328
2023-03-17,587.82,591.60,578.90,588.61,1049797
2023-03-20,574.72,589.61,570.69,582.64,899489
2023-03-21,577.21,580.20,566.46,578.81,1113971
2023-03-22,577.06,584.53,575.27,581.79,854002
2023-03-23,567.30,579.60,565.16,576.61,917334
2023-03-24,557.59,567.85,545.74,567.65,2178563
2023-03-27,564.56,570.39,557.74,559.68,1373334
2023-03-28,561.23,567.35,548.73,564.56,1763884
2023-03-29,583.14,587.52,560.38,561.23,2505188
2023-03-31,576.81,589.11,575.62,581.59,1618002
2023-04-03,560.48,578.51,557.74,578.01,1980458
2023-04-05,556.10,568.85,553.46,562.57,1578872
2023-04-06,567.10,569.15,551.37,556.15,2686132
2023-04-10,562.17,570.19,557.89,567.65,1052472
2023-04-11,573.83,585.58,557.44,565.61,1999310
2023-04-12,577.76,585.08,571.83,577.41,1782378
2023-04-13,676.40,687.06,622.42,627.40,30807207
2023-04-17,685.81,690.09,662.36,667.29,5636506
2023-04-18,690.19,693.68,678.19,685.17,3177457
2023-04-19,675.80,696.12,671.67,691.14,3693818
2023-04-20,676.60,682.18,671.32,679.19,1555616
2023-04-21,663.21,678.04,654.14,677.65,3742874
2023-04-24,661.16,666.99,655.94,659.27,2852500
2023-04-25,657.43,665.00,655.84,664.25,2107327
2023-04-26,640.75,652.30,628.25,647.27,5008439
2023-04-27,641.79,647.07,636.42,641.15,2272998
2023-04-28,661.11,663.06,640.35,640.35,2017338
2023-05-02,681.18,682.18,661.31,667.19,2007742
2023-05-03,681.98,688.80,674.56,676.15,1264610
2023-05-04,682.38,689.10,679.19,681.13,865527
2023-05-05,671.32,689.75,669.38,683.17,873669
2023-05-08,688.25,691.54,670.53,674.36,2243321
2023-05-09,697.22,702.05,688.25,691.09,2197112
2023-05-10,689.90,718.38,684.77,705.98,3265526
2023-05-11,703.74,707.02,684.07,696.12,2935100
2023-05-12,710.01,712.75,694.13,700.70,1641770
2023-05-15,714.00,718.58,706.43,709.86,1375218
2023-05-16,725.90,733.81,711.90,714.00,2622132
2023-05-17,727.84,728.98,715.84,725.85,1459862
2023-05-18,744.52,751.79,725.45,727.99,3422021
2023-05-19,750.69,752.89,730.98,744.52,2181998
2023-05-22,755.37,758.31,749.20,750.69,1596957
2023-05-23,759.56,771.36,753.18,754.88,1669877
2023-05-24,762.74,764.54,746.36,759.56,1402441
2023-05-25,766.73,770.01,758.96,760.75,1192141
2023-05-26,774.99,776.79,762.89,764.54,1075483
2023-05-29,787.14,791.72,773.35,777.08,2625329
2023-05-30,772.95,786.20,767.82,786.20,1145487
2023-05-31,773.70,781.77,754.88,769.82,3839806
2023-06-01,766.58,778.93,762.15,774.79,1386561
2023-06-02,770.26,776.74,765.78,770.81,1927608
2023-06-05,747.86,769.37,745.91,762.10,2901296
2023-06-06,748.80,751.34,737.00,746.91,2936010
2023-06-07,759.41,764.09,751.89,753.88,1600037
2023-06-08,752.29,771.96,749.35,762.74,1525613
2023-06-09,759.11,761.40,747.06,754.33,1450577
2023-06-12,758.31,766.78,747.31,763.84,1134935
2023-06-13,760.65,762.50,755.03,757.86,1270095
2023-06-14,769.02,771.81,760.95,763.84,1691498
2023-06-15,772.50,776.34,761.90,769.42,1584856
2023-06-16,775.54,779.48,770.01,773.80,666115
2023-06-19,768.92,780.77,764.74,775.54,740479
2023-06-20,764.39,768.97,760.65,768.92,493662
2023-06-21,746.46,770.66,745.02,767.77,1089259
2023-06-22,737.75,753.53,729.48,747.91,2295370
2023-06-23,733.66,742.63,731.08,739.54,617906
2023-06-26,742.33,746.26,729.03,733.66,1115771
2023-06-27,746.71,752.24,741.28,745.86,907052
2023-06-28,744.72,753.78,739.49,750.64,2946020
2023-06-30,750.54,756.67,744.37,750.89,1725775
2023-07-03,757.12,760.06,752.69,756.87,988169
2023-07-04,774.00,777.53,750.20,757.32,1783462
2023-07-05,765.88,779.28,757.96,773.85,2810140
2023-07-06,786.60,788.74,762.89,765.28,1665090
2023-07-07,758.51,784.21,754.88,784.01,1466776
2023-07-10,760.60,765.83,747.41,758.81,1131126
2023-07-11,760.40,773.55,758.06,764.74,818918
2023-07-12,767.57,769.72,750.05,764.29,4025563
2023-07-13,757.07,781.47,755.57,769.86,2268892
2023-07-14,779.06,780.30,757.07,757.87,1319880
2023-07-17,765.29,783.79,761.26,781.80,1279206
2023-07-18,767.74,772.18,761.90,766.79,1034645
2023-07-19,767.19,773.22,759.51,767.84,1119253
2023-07-20,770.18,774.67,762.85,770.73,1504123
2023-07-21,765.14,773.67,758.91,767.89,795389
2023-07-24,737.07,741.91,724.41,737.92,3665805
2023-07-25,729.25,743.21,723.06,742.91,1865463
2023-07-26,729.94,736.82,728.35,735.93,1174015
2023-07-27,727.15,736.33,722.37,732.99,2055123
2023-07-28,723.16,732.34,720.82,729.84,1383577
2023-07-31,727.80,729.94,713.99,713.99,1322632
2023-08-01,719.62,731.49,717.08,728.05,1152184
2023-08-02,723.86,728.60,711.99,718.13,2041223
2023-08-03,726.20,735.18,716.63,726.75,2475873
2023-08-04,736.82,740.96,727.35,735.43,1294794
2023-08-07,723.91,739.92,721.07,727.00,1456816
2023-08-08,718.78,727.65,699.43,722.96,2866317
2023-08-09,715.39,727.90,710.10,723.76,1773008
2023-08-10,699.93,716.23,695.14,715.39,3017173
2023-08-11,702.97,706.36,695.14,702.47,649337
2023-08-14,704.62,708.80,697.09,702.02,635962
2023-08-16,698.73,706.91,694.05,700.03,1513243
2023-08-17,696.44,705.41,694.64,700.03,1814426
2023-08-18,709.05,717.38,699.43,701.47,2034025
2023-08-21,706.86,714.69,703.37,709.10,1704679
2023-08-22,726.45,727.70,706.86,710.25,2220325
2023-08-23,729.20,735.78,724.96,726.40,1329218
2023-08-24,743.71,746.75,726.50,731.94,2556581
2023-08-25,735.48,749.89,733.18,741.76,889001
2023-08-28,736.72,740.91,731.89,736.87,1116902
2023-08-29,729.40,737.92,727.95,736.03,453151
2023-08-30,726.90,740.41,723.41,729.94,1202305
2023-08-31,721.52,732.89,705.56,727.90,5250911
2023-09-01,723.61,732.14,717.38,722.61,1524424
2023-09-04,714.69,726.95,711.30,723.96,1565336
2023-09-05,712.94,718.98,712.04,718.98,1083984
2023-09-06,717.33,720.87,710.25,714.29,2378658
2023-09-07,723.31,725.96,718.23,722.47,604310
2023-09-08,732.84,734.88,721.97,726.45,1387523
2023-09-11,733.04,739.12,730.04,734.93,1172424
2023-09-12,716.43,737.82,710.00,736.92,1588895
2023-09-13,721.42,728.00,707.06,718.13,2418932
2023-09-14,736.68,741.91,723.61,725.16,1248430
2023-09-15,730.44,743.41,726.15,741.86,918800
2023-09-18,727.00,734.83,723.96,728.00,1002996
2023-09-20,753.33,757.07,723.21,725.56,4544074
2023-09-21,740.51,761.80,737.17,754.52,1979595
2023-09-22,742.46,749.49,740.07,743.66,1667979
2023-09-25,740.27,746.25,732.14,742.46,1928986
2023-09-26,747.99,749.89,738.52,740.91,766479
2023-09-27,743.66,752.78,742.11,745.85,869637
2023-09-28,718.38,745.15,714.59,743.66,3968952
2023-09-29,711.50,728.20,706.11,722.17,1456488
2023-10-03,702.82,712.79,700.13,712.79,855484
2023-10-04,701.62,706.11,686.07,702.02,3416610
2023-10-05,712.39,714.94,700.03,700.03,925577
2023-10-06,711.55,717.98,710.45,717.88,718188
2023-10-09,709.00,715.43,701.08,706.01,927404
2023-10-10,713.19,715.78,706.76,713.04,527218
2023-10-11,713.74,718.68,710.00,716.88,1174535
2023-10-12,714.29,720.97,712.99,716.98,691279
2023-10-13,714.94,717.98,710.00,714.29,410117
2023-10-16,707.36,714.94,701.18,714.94,1680941
2023-10-17,704.62,712.79,704.02,712.79,620122
2023-10-18,702.47,709.60,700.73,706.91,1479098
2023-10-19,703.17,705.16,695.04,703.32,603325
2023-10-20,697.83,705.21,696.14,702.52,1167195
2023-10-23,693.50,709.10,688.56,697.24,2223975
2023-10-25,704.27,707.01,691.15,694.19,1877527
2023-10-26,684.62,705.06,682.18,698.03,2065324
2023-10-27,688.16,697.64,681.63,688.01,1251035
2023-10-30,664.08,686.07,628.63,686.07,8750585
2023-10-31,667.22,683.77,660.99,668.02,2598527
2023-11-01,666.77,674.95,663.48,673.10,1608023
2023-11-02,664.88,675.90,654.86,675.90,2091524
2023-11-03,667.37,671.71,662.93,671.71,1200934
2023-11-06,672.06,678.44,667.12,671.11,3301471
2023-11-07,668.02,677.79,666.42,675.25,3384898
2023-11-08,673.45,674.50,664.43,671.06,2274273
2023-11-09,688.61,697.83,673.85,676.20,2062461
2023-11-10,697.29,698.58,681.48,687.86,1514007
2023-11-13,727.70,730.34,702.42,711.10,3927946
2023-11-15,724.51,738.62,722.02,733.14,2347341
2023-11-16,727.55,731.79,716.98,725.76,1478691
2023-11-17,728.15,735.43,716.93,716.98,1167320
2023-11-20,732.09,742.31,723.66,730.74,1905411
2023-11-21,717.78,738.52,715.63,732.94,1022291
2023-11-22,715.09,721.37,708.11,717.98,1502045
2023-11-23,717.28,723.46,715.48,719.87,1613045
2023-11-24,720.17,724.06,709.55,717.98,1619706
2023-11-28,735.08,740.61,716.18,722.52,1521215
2023-11-29,746.15,748.84,732.99,735.73,2345052
2023-11-30,739.32,752.78,735.98,748.89,2292859
2023-12-01,740.36,749.29,737.97,742.91,1178096
2023-12-04,751.63,754.67,740.76,752.88,2867230
2023-12-05,758.81,764.85,742.11,753.88,2286148
2023-12-06,745.40,762.80,741.16,762.80,2383186
2023-12-07,748.89,749.89,737.27,747.89,678386
2023-12-08,738.42,751.58,732.19,750.14,1267997
2023-12-11,737.67,743.90,733.68,742.36,1733049
2023-12-12,739.32,746.85,737.37,740.81,1195849
2023-12-13,733.43,739.97,726.95,739.92,2369489
2023-12-14,757.87,758.86,734.93,738.42,1669614
2023-12-15,756.17,767.29,747.99,757.87,2252891
2023-12-18,746.55,756.12,740.91,756.12,1843431
2023-12-19,729.25,749.49,728.00,747.44,1743062
2023-12-20,757.92,769.98,732.84,735.33,5717729
2023-12-21,769.13,770.83,741.41,747.89,2313825
2023-12-22,763.30,783.59,755.87,771.83,2822166
2023-12-26,767.39,770.13,760.06,766.44,847143
2023-12-27,772.42,777.81,765.84,772.72,1065904
2023-12-28,786.44,796.61,765.89,776.81,3280996
2023-12-29,785.19,792.72,773.42,787.78,1424964
2024-01-01,783.79,788.68,776.81,788.68,1258532
2024-01-02,764.70,785.79,759.46,783.79,2202630
2024-01-03,768.19,771.98,751.88,764.70,2031856
2024-01-04,795.11,801.89,742.96,775.81,2624482
2024-01-05,798.80,807.43,789.33,802.74,2341793
2024-01-08,799.45,810.92,789.78,791.77,2497633
2024-01-09,775.12,811.12,772.82,811.12,2705036
2024-01-10,770.28,779.26,762.25,768.29,2832401
2024-01-11,774.42,784.69,770.58,777.81,922879
2024-01-12,786.14,788.78,769.83,780.80,1336781
2024-01-15,769.88,789.78,767.89,788.58,1416880
2024-01-16,773.37,779.70,768.59,769.88,1357631
2024-01-17,755.27,781.75,742.11,757.82,5351653
2024-01-18,732.04,756.62,730.79,752.23,2679347
2024-01-19,728.50,744.05,722.47,737.92,4468871
2024-01-23,714.49,755.87,707.06,752.88,3081087
2024-01-24,735.18,736.92,707.06,714.49,2550245
2024-01-25,705.86,739.37,701.23,737.92,5475393
2024-01-29,624.59,668.12,622.30,668.12,21666348
2024-01-30,623.49,630.08,611.78,628.23,7443243
2024-01-31,634.81,638.65,619.06,626.24,5579390
2024-02-01,633.17,642.19,630.52,638.05,2006355
2024-02-02,627.23,643.89,625.84,636.96,2688173
2024-02-05,620.85,628.23,614.97,627.18,5678989
2024-02-06,614.77,620.85,611.28,620.85,1713489
2024-02-07,617.16,621.70,610.38,618.66,2773694
2024-02-08,593.93,624.04,592.33,619.26,3862384
2024-02-09,602.20,604.05,590.59,598.31,2343195
2024-02-12,593.03,607.74,583.86,606.29,5184975
2024-02-13,592.13,600.76,585.70,598.31,3185544
2024-02-14,589.09,593.08,578.57,588.29,4560881
2024-02-15,580.27,593.33,578.82,593.33,2107954
2024-02-16,580.12,584.20,577.37,580.47,2145814
2024-02-19,597.67,602.20,580.07,582.86,4840679
2024-02-20,597.42,608.69,596.17,600.71,2935294
2024-02-21,586.50,600.86,582.76,600.86,3176517
2024-02-22,590.84,592.33,581.96,586.90,2315282
2024-02-23,598.27,605.25,591.73,594.77,3450186
2024-02-26,584.55,602.20,582.21,598.27,6638312
2024-02-27,588.74,594.03,584.65,586.80,1683135
2024-02-28,569.55,592.33,566.21,592.33,3000799
2024-02-29,568.25,574.83,562.86,572.29,3314480
2024-03-01,573.93,578.17,568.85,572.79,1665391
2024-03-04,578.47,582.26,574.33,576.43,3884607
2024-03-05,570.14,588.34,569.40,587.74,2733333
2024-03-06,565.21,576.58,562.86,573.73,3655651
2024-03-07,569.65,574.33,563.91,568.40,2332771
2024-03-11,582.56,583.71,567.70,570.39,4579646
2024-03-12,574.43,589.19,573.04,585.15,2657472
2024-03-13,575.28,584.80,569.30,576.38,4609989
2024-03-14,582.31,586.20,567.40,571.39,2141385
2024-03-15,576.63,585.65,573.48,582.26,2181470
2024-03-18,568.25,582.11,566.11,580.27,3332799
2024-03-19,558.58,580.76,556.48,574.88,3113350
2024-03-20,558.33,566.90,552.14,560.62,5079488
2024-03-21,564.36,570.29,561.97,566.80,2026437
2024-03-22,562.67,567.30,559.67,562.42,2314067
2024-03-26,561.42,567.20,560.12,562.67,1569118
2024-03-27,559.92,565.21,555.64,563.21,4923826
2024-03-28,563.41,568.85,559.42,562.27,2782930
2024-04-01,587.69,589.69,565.41,569.30,4223594
2024-04-02,589.94,596.52,581.61,591.33,4018831
2024-04-03,603.35,606.19,575.03,588.34,11124597
2024-04-04,619.21,638.15,616.76,618.26,12026382
2024-04-05,632.97,635.21,612.67,623.19,4502631
2024-04-08,632.12,635.41,624.04,635.41,3395600
2024-04-09,630.47,643.69,627.33,632.22,1783075
2024-04-10,632.67,636.16,627.73,632.22,2230548
2024-04-12,636.96,642.19,625.54,628.23,2748417
2024-04-15,630.52,633.76,616.76,618.26,2868816
2024-04-16,611.68,627.93,606.84,627.93,4436478
2024-04-18,619.36,629.23,616.26,618.76,3269307
2024-04-19,612.97,617.21,605.89,616.11,2304049
2024-04-22,605.89,622.05,601.95,622.05,4363957
2024-04-23,607.79,614.27,605.64,612.28,3056268
2024-04-24,617.21,620.30,603.65,611.98,5324514
2024-04-25,607.14,631.82,604.05,612.18,6257904
2024-04-26,598.12,611.68,596.47,611.38,2415552
2024-04-29,636.16,645.83,610.53,623.74,10201170
2024-04-30,631.82,643.49,621.80,642.29,7590857
2024-05-02,643.49,647.18,632.22,634.61,4310835
2024-05-03,643.19,653.71,637.70,646.18,3662846
2024-05-06,632.12,653.61,629.53,646.18,2195074
2024-05-07,628.38,643.19,624.89,632.22,1787126
2024-05-08,623.10,633.42,618.36,628.38,3724624
2024-05-09,626.19,634.51,620.30,625.24,1864280
2024-05-10,633.32,634.21,623.94,628.23,1602383
2024-05-13,632.07,634.21,616.51,634.11,2409926
2024-05-14,636.91,638.10,625.74,633.32,1212526
2024-05-15,621.20,647.08,615.12,640.65,4654837
2024-05-16,619.90,626.73,613.27,624.69,1768712
2024-05-17,622.60,624.64,619.90,623.49,1761091
2024-05-21,613.77,624.24,610.73,623.24,2515002
2024-05-22,601.61,618.81,598.86,617.06,4891339
2024-05-23,617.71,619.51,603.60,606.09,2263717
2024-05-24,618.91,621.35,614.42,616.06,1972136
2024-05-27,632.82,639.95,619.26,623.05,5536936
2024-05-28,634.56,645.83,628.78,636.66,3797767
2024-05-29,646.48,650.97,631.32,634.56,5140162
2024-05-30,636.81,652.51,634.31,645.08,3971332
2024-05-31,651.27,653.51,638.05,638.05,24738361
2024-06-03,642.74,666.02,640.00,661.54,7158268
2024-06-04,626.98,648.12,604.20,648.12,3575414
2024-06-05,667.67,686.97,621.50,630.22,8897937
2024-06-06,658.69,676.59,652.16,668.12,2358058
2024-06-07,667.12,668.62,658.55,661.14,1336725
2024-06-10,667.57,677.59,646.18,667.32,5309961
2024-06-11,669.71,675.10,661.19,669.12,1936660
2024-06-12,665.18,677.69,661.44,672.95,2701504
2024-06-13,666.27,677.04,664.13,665.18,1786679
2024-06-14,659.39,671.26,656.15,670.76,2852074
2024-06-18,662.63,669.12,658.69,661.59,2225745
2024-06-19,655.10,674.10,648.17,661.14,19436706
2024-06-20,664.88,670.56,655.25,658.05,2046499
2024-06-21,665.72,670.76,664.13,668.07,3781936
2024-06-24,677.59,680.83,636.71,658.40,6994152
2024-06-25,680.28,688.46,671.11,681.08,4463897
2024-06-26,690.51,698.98,672.85,680.28,6725621
2024-06-27,664.23,694.05,659.44,689.06,4949541
2024-06-28,670.16,673.00,666.27,668.22,1933315
2024-07-01,671.96,674.80,663.13,670.16,1155952
2024-07-02,671.41,677.64,666.37,672.66,1327498
2024-07-03,664.38,680.28,661.14,674.05,3891265
2024-07-04,671.56,678.09,659.94,667.47,1223370
2024-07-05,670.71,676.30,666.27,672.11,1225024
2024-07-08,640.89,666.37,637.30,666.07,6191001
2024-07-09,638.25,645.23,636.36,640.89,1436156
2024-07-10,628.18,641.14,622.80,638.80,6039883
2024-07-11,631.62,634.16,623.00,624.24,1710082
2024-07-12,643.01,648.10,632.27,633.22,2044302
2024-07-15,640.06,647.35,637.46,644.21,1861392
2024-07-16,633.67,644.90,632.42,643.21,2089842
2024-07-18,632.27,637.71,629.22,634.22,2224274
2024-07-19,632.87,634.57,624.38,629.72,1321440
2024-07-22,654.59,659.59,624.23,627.23,6529913
2024-07-23,655.44,658.09,642.66,656.19,2321050
2024-07-24,658.74,662.48,646.45,655.44,5455706
2024-07-25,630.87,660.93,624.78,656.49,2401579
2024-07-26,649.60,651.55,619.79,620.24,4555752
2024-07-29,649.25,657.29,643.56,654.19,4793665
2024-07-30,650.65,660.69,648.35,651.20,2007413
2024-07-31,645.25,652.65,636.56,652.65,3723813
2024-08-01,643.96,659.04,641.16,645.95,1637829
2024-08-02,636.81,650.15,634.72,637.21,3036465
2024-08-05,631.22,637.11,621.53,629.12,2173993
2024-08-06,635.12,644.11,632.22,634.52,1635549
2024-08-07,630.07,643.11,625.53,639.71,2592406
2024-08-08,625.33,634.52,623.78,628.23,1374881
2024-08-09,625.18,635.22,622.48,634.22,1145143
2024-08-12,609.00,620.63,604.40,619.34,5707504
2024-08-13,611.20,614.69,606.15,609.00,2326446
2024-08-14,602.31,615.09,599.51,611.25,1823476
2024-08-16,612.44,613.24,605.05,606.25,1265653
2024-08-19,614.49,621.78,609.25,613.34,2273232
2024-08-20,620.38,625.28,617.89,620.63,2026046
2024-08-21,624.43,626.73,614.94,617.24,3107738
2024-08-22,632.62,636.56,628.52,631.22,1214623
2024-08-23,625.03,635.22,622.13,629.47,1101563
2024-08-26,632.67,638.26,628.23,630.97,2556753
2024-08-27,634.32,638.46,631.32,638.46,1239139
2024-08-28,631.77,635.97,625.08,632.37,1975857
2024-08-29,639.56,648.60,629.42,630.22,3767187
2024-08-30,687.85,696.14,640.71,640.71,16426385
2024-09-02,679.96,692.95,678.36,684.11,3223654
2024-09-03,673.42,687.00,671.17,678.16,4005570
2024-09-04,686.90,691.75,670.27,679.16,5338608
2024-09-05,702.03,721.96,693.39,701.14,7485499
2024-09-06,702.13,711.87,699.14,701.14,3843381
2024-09-09,713.32,715.87,695.99,704.13,3856445
2024-09-10,717.32,723.61,712.12,720.06,2148085
2024-09-11,721.36,726.05,712.27,717.32,2745980
2024-09-12,719.61,726.95,716.92,726.95,969180
2024-09-13,722.01,727.75,716.37,722.11,1230745
2024-09-16,718.06,726.15,709.67,724.61,1580582
2024-09-17,718.56,722.51,713.57,716.92,969835
2024-09-18,723.36,726.75,714.32,719.11,1822792
2024-09-19,751.57,754.47,724.11,729.10,6130072
2024-09-20,730.40,753.97,728.25,751.57,2771083
2024-09-23,734.84,737.39,722.96,731.10,1560148
2024-09-24,735.29,739.49,729.40,735.09,1678368
2024-09-25,730.50,740.99,726.75,735.29,2597471
2024-09-26,735.04,737.09,728.60,731.30,2158790
2024-09-27,730.20,734.29,725.61,730.20,2788579
2024-09-30,739.29,742.98,719.11,719.11,2372518
2024-10-01,731.80,747.23,729.35,739.14,1430628
2024-10-03,730.80,734.74,722.16,722.16,1821086
2024-10-04,718.06,743.73,716.02,726.10,2161504
2024-10-07,732.10,741.54,721.11,725.21,3956104
2024-10-08,726.45,734.69,720.61,732.10,1285008
2024-10-09,704.43,730.95,702.43,728.05,3300198
2024-10-10,699.09,714.02,697.24,710.62,1055278
2024-10-11,689.55,705.68,687.90,702.93,801609
2024-10-14,700.14,707.23,682.06,692.75,1873286
2024-10-15,694.94,704.08,689.80,703.13,527544
2024-10-16,695.59,697.49,683.56,690.25,1327184
2024-10-17,686.10,701.53,683.46,698.14,323933
2024-10-18,682.81,686.65,675.67,682.21,920590
2024-10-21,664.03,687.90,660.44,683.51,2161816
2024-10-22,637.71,668.58,635.32,664.03,1318131
2024-10-23,651.25,654.64,629.27,637.71,2498843
2024-10-24,644.85,682.06,640.91,659.19,5123554
2024-10-25,603.76,635.72,598.51,635.72,6950865
2024-10-28,619.24,621.88,601.91,609.25,3367259
2024-10-29,620.73,622.73,611.10,620.24,1359311
2024-10-30,608.65,624.88,603.26,619.19,5253691
2024-10-31,611.70,615.24,605.40,608.10,2134118
2024-11-01,616.59,620.24,614.89,617.14,180971
2024-11-04,624.68,627.63,615.64,619.19,3687616
2024-11-05,613.04,626.08,604.50,624.18,2133792
2024-11-06,609.05,618.99,605.80,617.24,2860212
2024-11-07,601.56,613.64,600.76,613.24,1213518
2024-11-08,579.93,606.10,578.29,602.26,2487002
2024-11-11,575.34,581.18,568.55,580.28,2610819
2024-11-12,578.54,581.28,572.34,576.34,1281942
2024-11-13,560.11,578.24,556.56,575.94,4788121
2024-11-14,573.19,574.69,561.81,561.81,1722187
2024-11-18,578.29,582.43,569.55,573.29,2176589
2024-11-19,590.27,596.36,574.34,574.34,3260155
2024-11-21,593.17,594.92,580.33,588.47,1840597
2024-11-22,594.97,596.26,589.97,593.22,1400380
2024-11-25,595.57,603.66,592.37,603.26,3793270
2024-11-26,590.87,596.16,586.43,596.16,1829479
2024-11-27,589.07,593.62,583.38,588.77,3177623
2024-11-28,585.08,592.27,583.98,589.97,1591285
2024-11-29,582.63,591.02,577.69,586.28,2005684
2024-12-02,580.88,585.28,576.44,585.28,2248745
2024-12-03,594.12,597.86,581.38,583.03,3487471
2024-12-04,594.92,603.01,589.27,597.11,2505941
2024-12-05,597.01,599.26,590.87,597.96,2009229
2024-12-06,586.68,601.26,584.83,601.26,2744809
2024-12-09,580.48,590.77,579.69,587.23,1034189
2024-12-10,590.57,592.17,580.73,583.33,1159650
2024-12-11,589.37,594.22,587.38,594.22,1875206
2024-12-12,590.32,594.47,585.73,590.77,1438341
2024-12-13,583.83,588.02,573.59,587.28,1412657
2024-12-16,577.44,585.38,575.79,584.28,1123451
2024-12-17,562.46,579.29,560.61,579.04,1658082
2024-12-18,557.66,566.60,555.12,560.46,1223019
2024-12-19,548.02,554.32,540.13,553.32,2328195
2024-12-20,536.94,554.12,533.79,548.07,2499947
2024-12-23,548.52,551.12,538.39,541.33,1791145
2024-12-24,555.47,556.91,542.33,546.33,2245915
2024-12-26,547.62,557.16,545.53,553.92,1104075
2024-12-27,551.52,553.87,546.58,548.07,481188
2024-12-30,576.49,590.77,545.88,551.32,6457071
2024-12-31,558.41,563.21,545.88,561.26,3366983
2025-01-01,567.85,573.24,553.72,555.32,2127349
2025-01-02,570.30,571.74,561.36,569.05,1440790
2025-01-03,572.84,584.28,567.60,567.60,2403193
2025-01-06,559.56,591.82,552.57,590.17,3254239
2025-01-07,567.20,569.55,559.81,561.21,1344308
2025-01-08,565.75,569.10,555.86,567.20,2126970
2025-01-09,569.35,572.69,562.76,566.25,3212356
2025-01-10,574.44,582.28,563.11,569.35,4737367
2025-01-13,559.61,571.25,553.97,569.25,3711095
2025-01-14,574.39,580.93,563.31,563.36,3979231
2025-01-15,586.23,587.23,573.74,576.24,1782010
2025-01-16,602.66,610.60,589.27,590.07,4767863
2025-01-17,596.86,605.45,594.27,602.26,2053876
2025-01-20,605.25,607.60,591.67,598.26,1784772
2025-01-21,605.95,610.25,596.36,605.25,1339636
2025-01-22,603.66,607.70,598.31,605.25,1367058
2025-01-23,581.68,604.60,571.89,603.26,1940763
2025-01-24,593.92,608.25,566.80,577.74,5080264
2025-01-27,562.76,569.30,543.33,559.31,9781045
2025-01-28,587.97,596.51,565.85,573.29,6984979
2025-01-29,595.22,602.86,587.28,587.28,2890746
2025-01-30,595.42,606.25,584.28,595.47,6891318
2025-01-31,600.21,602.76,588.52,594.27,2734757
2025-02-01,600.31,607.25,592.82,604.25,1038048
2025-02-03,608.15,609.40,590.67,594.27,1844807
2025-02-04,599.11,617.19,595.32,608.15,2815689
2025-02-05,594.87,603.26,590.77,603.26,1869312
2025-02-06,585.53,599.26,581.28,596.31,1371142
2025-02-07,591.37,603.26,581.83,586.73,3491670
2025-02-10,579.04,590.27,574.39,590.27,1064051
2025-02-11,570.00,583.28,569.30,579.29,3445667
2025-02-12,553.72,570.80,550.47,570.80,4264400
2025-02-13,552.37,557.31,544.03,554.67,2284376
2025-02-14,534.24,558.81,530.10,553.37,3173724
2025-02-17,521.41,534.49,516.06,534.29,3180759
2025-02-18,501.78,523.95,498.39,522.36,8809316
2025-02-19,525.00,528.00,492.09,502.38,11218538
2025-02-20,534.39,538.29,521.01,524.35,1068810
2025-02-21,536.94,539.38,523.90,534.29,1790208
2025-02-24,532.34,539.24,529.60,535.24,1090810
2025-02-25,523.60,535.99,521.76,535.04,1093537
2025-02-27,556.01,558.56,523.60,534.34,9452200
2025-02-28,565.00,568.30,548.47,549.32,5285029
2025-03-03,556.91,567.80,550.97,564.75,1153314
2025-03-04,547.67,554.12,545.83,549.37,1313139
2025-03-05,545.78,550.77,540.58,547.72,1474686
2025-03-06,552.52,556.66,547.92,553.32,1553346
2025-03-07,543.63,553.97,539.53,552.82,1916647
2025-03-10,538.19,550.82,536.34,543.03,2131103
2025-03-11,521.46,531.19,513.02,531.19,2522700
2025-03-12,506.58,523.25,498.88,522.21,2676145
2025-03-13,502.23,513.77,500.38,507.77,2271528
2025-03-17,491.19,504.78,488.85,503.08,3628156
2025-03-18,491.19,491.19,491.19,491.19,0
2025-03-19,525.15,529.85,504.88,505.38,2859237
2025-03-20,524.60,533.69,509.47,524.40,2151278
2025-03-21,542.13,544.93,525.00,527.25,3193144
2025-03-24,549.37,554.87,541.48,542.78,2777258
2025-03-25,557.21,560.66,549.32,551.22,4004101
2025-03-26,573.04,579.64,562.86,564.30,8030660
2025-03-27,553.72,573.04,543.53,568.85,10765998
2025-03-28,533.94,561.41,530.10,558.31,3118677
2025-04-01,529.25,542.83,527.40,532.24,2210272
2025-04-02,538.84,539.93,521.01,534.34,1932324
2025-04-03,562.76,565.00,530.35,530.35,4674160
2025-04-04,551.42,559.16,544.03,559.16,2024869
2025-04-07,541.03,552.27,512.87,514.37,1814337
2025-04-08,544.93,551.82,542.38,549.32,1450103
2025-04-09,553.62,557.16,539.33,547.33,1862435
2025-04-11,556.41,564.15,550.17,559.31,2454627
2025-04-15,575.29,578.39,552.57,564.30,3321684
2025-04-16,581.63,582.78,565.30,575.24,2741238
2025-04-17,585.83,590.57,575.69,581.63,2759263
2025-04-21,622.83,640.96,591.27,592.07,9059537
2025-04-22,613.04,626.03,609.75,623.03,4335283
2025-04-23,664.63,669.07,619.24,619.24,20564151
2025-04-24,680.21,693.94,654.79,657.69,11937594
2025-04-25,674.32,680.16,661.58,680.16,4093320
2025-04-28,687.55,689.15,664.23,672.17,3906817
2025-04-29,705.18,712.12,689.15,689.15,5340417
2025-04-30,677.76,706.13,675.02,706.13,3436267
2025-05-02,679.61,687.60,673.57,679.16,2759828
2025-05-05,677.76,682.61,654.69,665.18,11773963
2025-05-06,670.92,687.15,667.78,678.66,2322138
2025-05-07,686.75,687.65,662.63,664.23,2398908
2025-05-08,688.15,710.12,685.06,687.15,3156954
2025-05-09,686.15,690.00,670.77,674.17,3087519
2025-05-12,702.53,706.78,695.79,704.13,3381357
2025-05-13,698.89,705.23,695.04,702.53,1496327
2025-05-14,689.65,699.89,687.40,699.14,1922009
2025-05-15,689.25,696.34,687.15,690.15,1452358
2025-05-16,684.01,692.75,682.21,691.85,723860
2025-05-19,685.80,689.65,682.81,687.15,770078
2025-05-20,686.65,694.24,683.16,689.05,1676816
2025-05-21,692.05,692.90,679.86,690.65,1572397
2025-05-22,688.30,692.55,681.71,688.75,713271
2025-05-23,695.34,698.54,686.15,688.30,1098715
2025-05-26,698.04,707.68,691.60,698.14,1125692
2025-05-27,700.34,714.12,693.44,709.13,2969182
2025-05-28,705.58,708.63,697.34,700.34,2873400
2025-05-29,697.39,707.98,694.44,706.13,2742561
2025-05-30,692.20,703.08,689.45,697.44,4271143
2025-06-02,717.76,720.11,691.05,694.14,6542677
2025-06-03,727.40,730.10,715.22,724.11,3563158
2025-06-04,724.31,737.09,719.11,727.10,2257807
2025-06-05,719.16,729.10,712.32,729.10,2082775
2025-06-06,748.63,754.57,711.42,719.11,4971098
2025-06-09,771.05,781.64,749.33,754.07,7511827
2025-06-10,764.46,778.34,759.21,771.55,4063938
2025-06-11,773.00,780.79,765.06,765.06,3419378
2025-06-12,777.74,784.03,771.25,774.05,2960859
2025-06-13,767.65,771.80,756.07,769.00,1774265
2025-06-16,780.49,782.53,757.87,767.55,1525817
2025-06-17,772.20,782.98,770.35,780.49,1306248
2025-06-18,793.52,797.52,764.06,772.20,3708945
2025-06-19,789.13,807.00,786.78,797.52,4235907
2025-06-20,794.37,797.87,783.63,789.13,2109976
2025-06-23,795.57,801.01,788.38,796.72,2615512
2025-06-24,799.71,804.86,789.68,801.01,1329371
2025-06-25,806.06,809.90,793.27,801.01,2237498
2025-06-26,818.69,822.99,805.16,810.00,5819183
2025-06-27,808.00,819.99,802.66,819.99,4459909
2025-06-30,816.49,821.24,807.80,812.80,2397545
2025-07-01,837.32,838.97,818.99,818.99,3760593
2025-07-02,817.24,839.96,814.99,838.97,2504958
2025-07-03,810.85,821.09,808.55,818.99,3218187
2025-07-04,819.50,820.90,807.00,814.90,880959
2025-07-07,813.85,824.45,810.00,819.55,1752800
2025-07-08,819.85,821.20,802.00,813.85,2002070
2025-07-09,825.75,827.45,817.00,822.50,1513929
2025-07-10,828.20,829.55,821.00,825.80,988688
2025-07-11,821.00,832.75,817.05,828.30,1767939
2025-07-14,804.95,814.75,797.15,805.30,2464428
2025-07-15,810.05,820.80,801.10,804.00,2159391
2025-07-16,797.75,814.55,795.20,812.05,1599610
2025-07-17,796.95,802.50,788.35,797.75,1772879
2025-07-18,794.90,801.00,786.05,796.95,1502394
2025-07-21,752.90,770.00,735.20,770.00,11588986
2025-07-22,725.80,753.80,724.25,752.95,4668078
2025-07-23,736.75,738.90,721.40,726.20,3208507
2025-07-24,745.45,746.55,732.30,736.75,2296317
2025-07-25,733.40,747.80,727.45,743.10,1485353
2025-07-28,727.35,737.90,725.00,728.50,1906629
2025-07-29,739.95,741.80,727.00,727.90,2061754
2025-07-30,746.30,754.10,735.00,739.50,3045837
2025-07-31,741.50,749.75,736.75,742.75,3573228
2025-08-01,741.05,751.45,739.05,741.50,2251668
2025-08-04,752.25,755.85,740.00,741.05,2681209
2025-08-05,742.65,755.85,739.50,754.00,1593070
2025-08-06,735.20,745.00,722.70,744.90,1556317
2025-08-07,743.25,746.00,724.50,735.00,1110408
2025-08-08,739.00,800.00,736.00,800.00,12715309
2025-08-11,734.25,743.00,726.30,742.05,2891298
2025-08-12,724.80,741.15,721.80,735.95,2828419
2025-08-13,738.00,742.50,728.95,730.00,1328439
2025-08-14,750.60,752.55,740.55,744.00,2621099
2025-08-18,761.55,773.35,753.00,755.00,1873223
2025-08-19,758.50,765.00,754.15,760.00,826929
2025-08-20,759.15,761.00,745.30,758.50,1188698
2025-08-21,752.20,760.65,751.15,759.60,542497
2025-08-22,742.05,760.00,739.55,751.20,980129
2025-08-25,749.60,753.25,738.00,738.00,1711315
2025-08-26,745.25,750.90,740.25,750.00,2429502
2025-08-27,745.25,745.25,745.25,745.25,0
2025-08-28,729.25,751.95,728.00,745.30,1467576
2025-08-29,718.05,731.90,716.30,726.00,3090760
2025-09-01,721.55,727.35,716.50,721.10,1187277
2025-09-02,708.30,724.50,704.20,722.05,3178457
2025-09-03,713.95,716.20,709.05,710.00,997652
2025-09-04,696.25,718.80,692.80,716.00,5466938
2025-09-05,694.30,700.00,682.15,700.00,2961695
2025-09-08,699.75,703.80,694.30,696.55,1949781
2025-09-09,697.45,699.75,694.85,698.00,898505
2025-09-10,713.80,715.00,695.65,702.00,3846563
2025-09-11,710.95,714.40,709.00,714.40,1045318
2025-09-12,706.65,718.20,705.75,710.95,1740388
2025-09-15,713.40,715.00,699.20,708.00,2009111
2025-09-16,711.20,720.50,709.20,716.50,2510810
2025-09-17,708.75,712.20,698.30,710.00,3506666
2025-09-18,719.65,722.30,708.10,713.05,2453800
2025-09-19,718.70,724.00,711.25,719.65,3207374
2025-09-22,706.05,719.90,703.85,719.90,1519343
2025-09-23,731.65,734.05,708.90,710.00,5080969
2025-09-24,736.15,743.40,727.40,730.00,3424417
2025-09-25,741.60,747.55,730.20,733.25,1527974
